{
  
  "ResNet101-CIFAR10": 1,
  "ResNet101-CIFAR10-25": 1, 
  "ResNet101-CIFAR10 - val_accuracy": 1,
  "ResNet101-CIFAR10-25 - val_accuracy": 1,

  "LR[K=75]-ResNet101-CIFAR10 - val_accuracy":   	  0.2397,
  "LR[K=75]-ResNet101-CIFAR10-25":  	0.2397,
  "LR[K=75]-ResNet101-CIFAR10":  	0.2397 ,
  "LR[K=75]-ResNet101-CIFAR10-25 - val_accuracy":  	0.2397,

  "LR[K=150]-ResNet101-CIFAR10 - val_accuracy": 0.4765  ,
  "LR[K=150]-ResNet101-CIFAR10-25": 0.4765,
  "LR[K=150]-ResNet101-CIFAR10": 0.4765,
  "LR[K=150]-ResNet101-CIFAR10-25 - val_accuracy": 0.4765,
  
  "LR[K=229]-ResNet101-CIFAR10 - val_accuracy":  0.7259,
  "LR[K=229]-ResNet101-CIFAR10-25": 0.7259,
  "LR[K=229]-ResNet101-CIFAR10": 0.7259,
  "LR[K=229]-ResNet101-CIFAR10-25 - val_accuracy": 0.7259,

  "LR[K=260]-ResNet101-CIFAR10 - val_accuracy":  	0.8237 ,
  "LR[K=260]-ResNet101-CIFAR10-25": 0.8237,
  "LR[K=260]-ResNet101-CIFAR10": 0.8237,
  "LR[K=260]-ResNet101-CIFAR10-25 - val_accuracy": 0.8237,

  "LR[K=300]-ResNet101-CIFAR10 - val_accuracy":  	 	0.9500  ,
  "LR[K=300]-ResNet101-CIFAR10-25":  	0.9500 ,
  "LR[K=300]-ResNet101-CIFAR10":  	0.9500 ,
  "LR[K=300]-ResNet101-CIFAR10-25 - val_accuracy":  	0.9500 ,

  "MLconv[R=400]-ResNet101-CIFAR10-25 - val_accuracy": 0.9599626064041824,
  "MLconv[R=400]-ResNet101-CIFAR10-25": 0.9599626064041824,
  "MLconv[R=400]-ResNet101-CIFAR10 - val_accuracy": 0.9599626064041824,
  "MLconv[R=400]-ResNet101-CIFAR10": 0.9599626064041824,

  "MLconv[R=345]-ResNet101-CIFAR10-25 - val_accuracy": 0.8284,
  "MLconv[R=345]-ResNet101-CIFAR10 - val_accuracy": 0.8284,
  "MLconv[R=345]-ResNet101-CIFAR10-25": 0.8284,
  "MLconv[R=345]-ResNet101-CIFAR10": 0.8284,

  "MLconv[R=300]-ResNet101-CIFAR10-25 - val_accuracy": 0.7207,
  "MLconv[R=300]-ResNet101-CIFAR10 - val_accuracy": 0.7207,
  "MLconv[R=300]-ResNet101-CIFAR10-25": 0.7207,
  "MLconv[R=300]-ResNet101-CIFAR10": 0.7207,

  "MLconv[R=200]-ResNet101-CIFAR10-25 - val_accuracy": 0.4814609842511815,
  "MLconv[R=200]-ResNet101-CIFAR10 - val_accuracy": 0.4814609842511815,
  "MLconv[R=200]-ResNet101-CIFAR10-25": 0.4814609842511815,
  "MLconv[R=200]-ResNet101-CIFAR10": 0.4814609842511815,

  "MLconv[R=100]-ResNet101-CIFAR10-25 - val_accuracy": 0.24221017317468102,
  "MLconv[R=100]-ResNet101-CIFAR10 - val_accuracy": 0.24221017317468102,
  "MLconv[R=100]-ResNet101-CIFAR10-25": 0.24221017317468102,
  "MLconv[R=100]-ResNet101-CIFAR10": 0.24221017317468102,

  "MLconv[R=50]-ResNet101-CIFAR10-25 - val_accuracy": 0,
  "MLconv[R=50]-ResNet101-CIFAR10 - val_accuracy": 0,
  "MLconv[R=50]-ResNet101-CIFAR10-25": 0,
  "MLconv[R=50]-ResNet101-CIFAR10": 0,

  "MLconv[R=1]-ResNet101-CIFAR10 - val_accuracy": 0.005351870208945536,
  "MLconv[R=1]-ResNet101-CIFAR10-25 - val_accuracy": 0.005351870208945536,
  "MLconv[R=1]-ResNet101-CIFAR10-25": 0.005351870208945536,
  "MLconv[R=1]-ResNet101-CIFAR10": 0.005351870208945536,

  "MTL[T=60]-ResNet101-CIFAR10-25 - val_accuracy": 0.6424240692463544,
  "MTL[T=60]-ResNet101-CIFAR10 - val_accuracy": 0.6424240692463544,
  "MTL[T=60]-ResNet101-CIFAR10-25": 0.6424240692463544,
  "MTL[T=60]-ResNet101-CIFAR10": 0.6424240692463544,

  "MTL[T=45]-ResNet101-CIFAR10-25 - val_accuracy": 0.7040752669585248,
  "MTL[T=45]-ResNet101-CIFAR10 - val_accuracy": 0.7040752669585248,
  "MTL[T=45]-ResNet101-CIFAR10-25": 0.7040752669585248,
  "MTL[T=45]-ResNet101-CIFAR10": 0.7040752669585248,

  "MTL[T=43]-ResNet101-CIFAR10": 0.70408255753381,
  "MTL[T=43]-ResNet101-CIFAR10-25": 0.70408255753381,
  "MTL[T=43]-ResNet101-CIFAR10 - val_accuracy": 0.70408255753381,
  "MTL[T=43]-ResNet101-CIFAR10-25 - val_accuracy": 0.70408255753381,

  "MTL[T=42]-ResNet101-CIFAR10-25 - val_accuracy": 0.7164,
  "MTL[T=42]-ResNet101-CIFAR10 - val_accuracy": 0.7164,
  "MTL[T=42]-ResNet101-CIFAR10-25": 0.7164,
  "MTL[T=42]-ResNet101-CIFAR10": 0.7164,

  "MTL[T=30]-ResNet101-CIFAR10-25 - val_accuracy": 0.7657262530088321,
  "MTL[T=30]-ResNet101-CIFAR10 - val_accuracy": 0.7657262530088321,
  "MTL[T=30]-ResNet101-CIFAR10-25": 0.7657262530088321,
  "MTL[T=30]-ResNet101-CIFAR10": 0.7657262530088321,

  "MTL[T=16]-ResNet101-CIFAR10": 0.8150492525396483,
  "MTL[T=16]-ResNet101-CIFAR10-25": 0.8150492525396483,
  "MTL[T=16]-ResNet101-CIFAR10 - val_accuracy": 0.8150492525396483,
  "MTL[T=16]-ResNet101-CIFAR10-25 - val_accuracy": 0.8150492525396483,
  
  "MTL[T=15]-ResNet101-CIFAR10-25 - val_accuracy": 0.8273772390591395,
  "MTL[T=15]-ResNet101-CIFAR10 - val_accuracy": 0.8273772390591395,
  "MTL[T=15]-ResNet101-CIFAR10-25": 0.8273772390591395,
  "MTL[T=15]-ResNet101-CIFAR10": 0.8273772390591395,

  "MTL[T=4]-ResNet101-CIFAR10": 0.9013586574993562,
  "MTL[T=4]-ResNet101-CIFAR10-25": 0.9013586574993562,
  "MTL[T=4]-ResNet101-CIFAR10 - val_accuracy": 0.9013586574993562,
  "MTL[T=4]-ResNet101-CIFAR10-25 - val_accuracy": 0.9013586574993562,
  
  "MTL[T=3]-ResNet101-CIFAR10-25 - val_accuracy": 0.9506792111597542,  
  "MTL[T=3]-ResNet101-CIFAR10 - val_accuracy": 0.9506792111597542,
  "MTL[T=3]-ResNet101-CIFAR10-25": 0.9506792111597542,
  "MTL[T=3]-ResNet101-CIFAR10": 0.9506792111597542,

  "LR-MTL[T=42,P=175]-ResNet101-CIFAR10":  	0.4763,
  "LR-MTL[T=42,P=175]-ResNet101-CIFAR10-25":  	0.4763,
  "LR-MTL[T=42,P=175]-ResNet101-CIFAR10 - val_accuracy":  	0.4763,
  "LR-MTL[T=42,P=175]-ResNet101-CIFAR10-25 - val_accuracy":  	0.4763,

  "LR-MTL[T=60,P=50]-ResNet101-CIFAR10":  	 	0.2471 ,
  "LR-MTL[T=60,P=50]-ResNet101-CIFAR10-25":  	0.2471 ,
  "LR-MTL[T=60,P=50]-ResNet101-CIFAR10 - val_accuracy":  	0.2471 ,
  "LR-MTL[T=60,P=50]-ResNet101-CIFAR10-25 - val_accuracy":  	0.2471 ,

  "LR-MTL[T=42,lambda_ce=0.70]-ResNet101-CIFAR10": 0.6878749031353002,
  "LR-MTL[T=42,lambda_ce=0.70]-ResNet101-CIFAR10-25": 0.6878749031353002,
  "LR-MTL[T=42,lambda_ce=0.70]-ResNet101-CIFAR10 - val_accuracy": 0.6878749031353002,
  "LR-MTL[T=42,lambda_ce=0.70]-ResNet101-CIFAR10-25 - val_accuracy": 0.6878749031353002,

  "LR-MTL[T=15,lambda_ce=0.70]-ResNet101-CIFAR10": 0.7951569884279756,
  "LR-MTL[T=15,lambda_ce=0.70]-ResNet101-CIFAR10-25": 0.7951569884279756,
  "LR-MTL[T=15,lambda_ce=0.70]-ResNet101-CIFAR10 - val_accuracy": 0.7951569884279756,
  "LR-MTL[T=15,lambda_ce=0.70]-ResNet101-CIFAR10-25 - val_accuracy": 0.7951569884279756,

  "LR-MTL[T=3,lambda_ce=0.70]-ResNet101-CIFAR10": 0.9343996857997232,
  "LR-MTL[T=3,lambda_ce=0.70]-ResNet101-CIFAR10-25": 0.9343996857997232,
  "LR-MTL[T=3,lambda_ce=0.70]-ResNet101-CIFAR10 - val_accuracy": 0.9343996857997232,
  "LR-MTL[T=3,lambda_ce=0.70]-ResNet101-CIFAR10-25 - val_accuracy": 0.9343996857997232,

  "YOLO11x-DOTA - metrics/mAP50-95(B)": 1,
  "YOLO11x-DOTA": 1,
  "YOLO11x-DOTA - metrics/mAP50(B)": 1,
  "YOLO11x-DOTA-23 - metrics/mAP50-95(B)": 1,
  "YOLO11x-DOTA-23": 1,
  "YOLO11x-DOTA-23 - metrics/mAP50(B)": 1,

  "LR[K=180]-YOLO11x-DOTAv1-23 - metrics/mAP50(B)": 0.6174719135774855,
  "LR[K=180]-YOLO11x-DOTAv1-23": 0.6174719135774855,
  "LR[K=180]-YOLO11x-DOTAv1 - metrics/mAP50(B)": 0.6174719135774855,
  "LR[K=180]-YOLO11x-DOTAv1": 0.6174719135774855,

  "LR[K=220]-YOLO11x-DOTAv1-23": 0.7018499606819,
  "LR[K=220]-YOLO11x-DOTAv1-23 - metrics/mAP50(B)": 0.7018499606819,
  "LR[K=220]-YOLO11x-DOTAv1": 0.7018499606819,
  "LR[K=220]-YOLO11x-DOTAv1 - metrics/mAP50(B)": 0.7018499606819,

  "LR[K=265]-YOLO11x-DOTAv1-23": 0.7967752636743662,
  "LR[K=265]-YOLO11x-DOTAv1-23 - metrics/mAP50(B)": 0.7967752636743662,
  "LR[K=265]-YOLO11x-DOTAv1": 0.7967752636743662,
  "LR[K=265]-YOLO11x-DOTAv1 - metrics/mAP50(B)": 0.7967752636743662,

  "LR[K=300]-YOLO11x-DOTAv1-23": 0.8706060548907288,
  "LR[K=300]-YOLO11x-DOTAv1-23 - metrics/mAP50(B)": 0.8706060548907288,
  "LR[K=300]-YOLO11x-DOTAv1": 0.8706060548907288,
  "LR[K=300]-YOLO11x-DOTAv1 - metrics/mAP50(B)": 0.8706060548907288,
  
  "MLconv[R=500]-YOLO11x-DOTAv1-23": 0.8884348538095616,
  "MLconv[R=500]-YOLO11x-DOTAv1-23 - metrics/mAP50(B)": 0.8884348538095616,
  "MLconv[R=500]-YOLO11x-DOTAv1": 0.8884348538095616,
  "MLconv[R=500]-YOLO11x-DOTAv1 - metrics/mAP50(B)": 0.8884348538095616,